"character","gender","title"
"ARCHIDAMUS",,"Winter's Tale"
"CAMILLO",,"Winter's Tale"
"POLIXENES",,"Winter's Tale"
"LEONTES",,"Winter's Tale"
"HERMIONE","F","Winter's Tale"
"MAMILLIUS",,"Winter's Tale"
"First Lady","F","Winter's Tale"
"Second Lady","F","Winter's Tale"
"First Lord",,"Winter's Tale"
"ANTIGONUS",,"Winter's Tale"
"PAULINA","F","Winter's Tale"
"Gaoler",,"Winter's Tale"
"EMILIA","F","Winter's Tale"
"First Servant",,"Winter's Tale"
"Second Servant",,"Winter's Tale"
"Lords",,"Winter's Tale"
"Servant",,"Winter's Tale"
"CLEOMENES",,"Winter's Tale"
"DION",,"Winter's Tale"
"Officer",,"Winter's Tale"
"Mariner",,"Winter's Tale"
"Shepherd",,"Winter's Tale"
"Clown",,"Winter's Tale"
"Time",,"Winter's Tale"
"AUTOLYCUS",,"Winter's Tale"
"FLORIZEL",,"Winter's Tale"
"PERDITA","F","Winter's Tale"
"DORCAS",,"Winter's Tale"
"MOPSA",,"Winter's Tale"
"Shepard",,"Winter's Tale"
"Gentleman",,"Winter's Tale"
"Lord",,"Winter's Tale"
"First Gentleman",,"Winter's Tale"
"Second Gentleman",,"Winter's Tale"
"Third Gentleman",,"Winter's Tale"
"VALENTINE",,"Two Gentlemen of Verona"
"PROTEUS",,"Two Gentlemen of Verona"
"SPEED",,"Two Gentlemen of Verona"
"JULIA","F","Two Gentlemen of Verona"
"LUCETTA","F","Two Gentlemen of Verona"
"ANTONIO",,"Two Gentlemen of Verona"
"PANTHINO",,"Two Gentlemen of Verona"
"SILVIA","F","Two Gentlemen of Verona"
"LAUNCE",,"Two Gentlemen of Verona"
"THURIO",,"Two Gentlemen of Verona"
"DUKE",,"Two Gentlemen of Verona"
"First Outlaw",,"Two Gentlemen of Verona"
"Second Outlaw",,"Two Gentlemen of Verona"
"Third Outlaw",,"Two Gentlemen of Verona"
"Host",,"Two Gentlemen of Verona"
"EGLAMOUR",,"Two Gentlemen of Verona"
"Outlaws",,"Two Gentlemen of Verona"
"DUKE ORSINO",,"Twelfth Night"
"CURIO",,"Twelfth Night"
"VALENTINE",,"Twelfth Night"
"VIOLA","F","Twelfth Night"
"Captain",,"Twelfth Night"
"SIR TOBY BELCH",,"Twelfth Night"
"MARIA","F","Twelfth Night"
"SIR ANDREW",,"Twelfth Night"
"Clown",,"Twelfth Night"
"OLIVIA","F","Twelfth Night"
"MALVOLIO",,"Twelfth Night"
"ANTONIO",,"Twelfth Night"
"SEBASTIAN",,"Twelfth Night"
"FABIAN",,"Twelfth Night"
"Servant",,"Twelfth Night"
"First Officer",,"Twelfth Night"
"Second Officer",,"Twelfth Night"
"Priest",,"Twelfth Night"
"TROILUS",,"Troilus and Cressida"
"PANDARUS",,"Troilus and Cressida"
"AENEAS",,"Troilus and Cressida"
"CRESSIDA","F","Troilus and Cressida"
"ALEXANDER",,"Troilus and Cressida"
"Boy",,"Troilus and Cressida"
"AGAMEMNON",,"Troilus and Cressida"
"NESTOR",,"Troilus and Cressida"
"ULYSSES",,"Troilus and Cressida"
"MENELAUS",,"Troilus and Cressida"
"AJAX",,"Troilus and Cressida"
"THERSITES",,"Troilus and Cressida"
"ACHILLES",,"Troilus and Cressida"
"PATROCLUS",,"Troilus and Cressida"
"PRIAM",,"Troilus and Cressida"
"HECTOR",,"Troilus and Cressida"
"HELENUS",,"Troilus and Cressida"
"CASSANDRA","F","Troilus and Cressida"
"PARIS",,"Troilus and Cressida"
"DIOMEDES",,"Troilus and Cressida"
"Servant",,"Troilus and Cressida"
"HELEN","F","Troilus and Cressida"
"CALCHAS",,"Troilus and Cressida"
"DEIPHOBUS",,"Troilus and Cressida"
"ALL",,"Troilus and Cressida"
"ANDROMACHE","F","Troilus and Cressida"
"MARGARELON",,"Troilus and Cressida"
"MYRMIDONS",,"Troilus and Cressida"
"SATURNINUS",,"Titus Andronicus"
"BASSIANUS",,"Titus Andronicus"
"MARCUS ANDRONICUS",,"Titus Andronicus"
"Captain",,"Titus Andronicus"
"TITUS ANDRONICUS",,"Titus Andronicus"
"LUCIUS",,"Titus Andronicus"
"TAMORA","F","Titus Andronicus"
"CHIRON",,"Titus Andronicus"
"DEMETRIUS",,"Titus Andronicus"
"LAVINIA","F","Titus Andronicus"
"Tribunes",,"Titus Andronicus"
"MUTIUS",,"Titus Andronicus"
"QUINTUS",,"Titus Andronicus"
"MARTIUS",,"Titus Andronicus"
"All",,"Titus Andronicus"
"AARON",,"Titus Andronicus"
"MARCUS",,"Titus Andronicus"
"Messenger",,"Titus Andronicus"
"Young LUCIUS",,"Titus Andronicus"
"Nurse","F","Titus Andronicus"
"PUBLIUS",,"Titus Andronicus"
"Clown",,"Titus Andronicus"
"AEMILIUS",,"Titus Andronicus"
"First Goth",,"Titus Andronicus"
"All the Goths",,"Titus Andronicus"
"Second Goth",,"Titus Andronicus"
"Third Goth",,"Titus Andronicus"
"Poet",,"Timon of Athens"
"Painter",,"Timon of Athens"
"Merchant",,"Timon of Athens"
"Jeweller",,"Timon of Athens"
"TIMON",,"Timon of Athens"
"Messenger",,"Timon of Athens"
"Old Athenian",,"Timon of Athens"
"LUCILIUS",,"Timon of Athens"
"APEMANTUS",,"Timon of Athens"
"ALCIBIADES",,"Timon of Athens"
"First Lord",,"Timon of Athens"
"Second Lord",,"Timon of Athens"
"VENTIDIUS",,"Timon of Athens"
"Third Lord",,"Timon of Athens"
"Servant",,"Timon of Athens"
"Cupid",,"Timon of Athens"
"First Lady","F","Timon of Athens"
"All Ladies","F","Timon of Athens"
"FLAVIUS",,"Timon of Athens"
"All",,"Timon of Athens"
"Second Servant",,"Timon of Athens"
"Third Servant",,"Timon of Athens"
"All Lords",,"Timon of Athens"
"Senator",,"Timon of Athens"
"CAPHIS",,"Timon of Athens"
"All Servants",,"Timon of Athens"
"Fool",,"Timon of Athens"
"Page",,"Timon of Athens"
"Servants",,"Timon of Athens"
"FLAMINIUS",,"Timon of Athens"
"LUCULLUS",,"Timon of Athens"
"First Stranger",,"Timon of Athens"
"Second Stranger",,"Timon of Athens"
"SERVILIUS",,"Timon of Athens"
"Third Stranger",,"Timon of Athens"
"SEMPRONIUS",,"Timon of Athens"
"First Servant",,"Timon of Athens"
"TITUS",,"Timon of Athens"
"HORTENSIUS",,"Timon of Athens"
"PHILOTUS",,"Timon of Athens"
"First Senator",,"Timon of Athens"
"Second Senator",,"Timon of Athens"
"Third Senator",,"Timon of Athens"
"Some Speak",,"Timon of Athens"
"Some Others",,"Timon of Athens"
"Fourth Lord",,"Timon of Athens"
"PHRYNIA",,"Timon of Athens"
"TIMANDRA",,"Timon of Athens"
"First Bandit",,"Timon of Athens"
"Second Bandit",,"Timon of Athens"
"Third Bandit",,"Timon of Athens"
"Banditti",,"Timon of Athens"
"Both",,"Timon of Athens"
"Soldier",,"Timon of Athens"
"Master",,"The Tempest"
"Boatswain",,"The Tempest"
"ALONSO",,"The Tempest"
"ANTONIO",,"The Tempest"
"GONZALO",,"The Tempest"
"SEBASTIAN",,"The Tempest"
"Mariners",,"The Tempest"
"MIRANDA","F","The Tempest"
"PROSPERO",,"The Tempest"
"ARIEL","F","The Tempest"
"CALIBAN",,"The Tempest"
"FERDINAND",,"The Tempest"
"ADRIAN",,"The Tempest"
"FRANCISCO",,"The Tempest"
"TRINCULO",,"The Tempest"
"STEPHANO",,"The Tempest"
"IRIS","F","The Tempest"
"CERES","F","The Tempest"
"JUNO","F","The Tempest"
"SLY",,"Taming of the Shrew"
"Hostess","F","Taming of the Shrew"
"Lord",,"Taming of the Shrew"
"First Huntsman",,"Taming of the Shrew"
"Second Huntsman",,"Taming of the Shrew"
"Servant",,"Taming of the Shrew"
"Players",,"Taming of the Shrew"
"A Player",,"Taming of the Shrew"
"First Servant",,"Taming of the Shrew"
"Second Servant",,"Taming of the Shrew"
"Third Servant",,"Taming of the Shrew"
"ALL",,"Taming of the Shrew"
"Page",,"Taming of the Shrew"
"Messenger",,"Taming of the Shrew"
"LUCENTIO",,"Taming of the Shrew"
"TRANIO",,"Taming of the Shrew"
"BAPTISTA","F","Taming of the Shrew"
"GREMIO",,"Taming of the Shrew"
"KATHARINA","F","Taming of the Shrew"
"HORTENSIO",,"Taming of the Shrew"
"HORTENSIA","F","Taming of the Shrew"
"BIANCA","F","Taming of the Shrew"
"BIONDELLO",,"Taming of the Shrew"
"PETRUCHIO",,"Taming of the Shrew"
"GRUMIO",,"Taming of the Shrew"
"KATARINA","F","Taming of the Shrew"
"CURTIS",,"Taming of the Shrew"
"NATHANIEL",,"Taming of the Shrew"
"PHILIP",,"Taming of the Shrew"
"JOSEPH",,"Taming of the Shrew"
"NICHOLAS",,"Taming of the Shrew"
"PETER",,"Taming of the Shrew"
"Pedant",,"Taming of the Shrew"
"Haberdasher",,"Taming of the Shrew"
"Tailor",,"Taming of the Shrew"
"VINCENTIO",,"Taming of the Shrew"
"Widow","F","Taming of the Shrew"
"SAMPSON",,"Romeo and Juliet"
"GREGORY",,"Romeo and Juliet"
"ABRAHAM",,"Romeo and Juliet"
"BENVOLIO",,"Romeo and Juliet"
"TYBALT",,"Romeo and Juliet"
"First Citizen",,"Romeo and Juliet"
"CAPULET",,"Romeo and Juliet"
"LADY CAPULET","F","Romeo and Juliet"
"MONTAGUE",,"Romeo and Juliet"
"LADY MONTAGUE","F","Romeo and Juliet"
"PRINCE",,"Romeo and Juliet"
"ROMEO",,"Romeo and Juliet"
"PARIS",,"Romeo and Juliet"
"Servant",,"Romeo and Juliet"
"Nurse","F","Romeo and Juliet"
"JULIET","F","Romeo and Juliet"
"MERCUTIO",,"Romeo and Juliet"
"First Servant",,"Romeo and Juliet"
"Second Servant",,"Romeo and Juliet"
"Second Capulet",,"Romeo and Juliet"
"Chorus",,"Romeo and Juliet"
"FRIAR LAURENCE",,"Romeo and Juliet"
"PETER",,"Romeo and Juliet"
"NURSE","F","Romeo and Juliet"
"LADY  CAPULET",,"Romeo and Juliet"
"First Musician",,"Romeo and Juliet"
"Second Musician",,"Romeo and Juliet"
"Musician",,"Romeo and Juliet"
"Third Musician",,"Romeo and Juliet"
"BALTHASAR",,"Romeo and Juliet"
"Apothecary",,"Romeo and Juliet"
"FRIAR JOHN",,"Romeo and Juliet"
"PAGE",,"Romeo and Juliet"
"First Watchman",,"Romeo and Juliet"
"Second Watchman",,"Romeo and Juliet"
"Third Watchman",,"Romeo and Juliet"
"GLOUCESTER / KING RICHARD III",,"Richard III"
"CLARENCE",,"Richard III"
"BRAKENBURY",,"Richard III"
"HASTINGS",,"Richard III"
"LADY ANNE","F","Richard III"
"Gentleman",,"Richard III"
"GENTLEMEN",,"Richard III"
"RIVERS",,"Richard III"
"GREY",,"Richard III"
"QUEEN ELIZABETH","F","Richard III"
"BUCKINGHAM",,"Richard III"
"DERBY",,"Richard III"
"QUEEN MARGARET","F","Richard III"
"DORSET",,"Richard III"
"CATESBY",,"Richard III"
"First Murderer",,"Richard III"
"Second Murderer",,"Richard III"
"Second murderer",,"Richard III"
"Both",,"Richard III"
"KING EDWARD IV",,"Richard III"
"Boy",,"Richard III"
"DUCHESS OF YORK",,"Richard III"
"Girl","F","Richard III"
"Children",,"Richard III"
"First Citizen",,"Richard III"
"Second Citizen",,"Richard III"
"Third Citizen",,"Richard III"
"ARCHBISHOP OF YORK",,"Richard III"
"YORK",,"Richard III"
"Messenger",,"Richard III"
"PRINCE EDWARD",,"Richard III"
"Lord Mayor",,"Richard III"
"CARDINAL",,"Richard III"
"STANLEY",,"Richard III"
"LORD STANLEY",,"Richard III"
"Pursuivant",,"Richard III"
"Priest",,"Richard III"
"RATCLIFF",,"Richard III"
"VAUGHAN",,"Richard III"
"BISHOP OF ELY",,"Richard III"
"LOVEL",,"Richard III"
"Scrivener",,"Richard III"
"ANOTHER",,"Richard III"
"Page",,"Richard III"
"TYRREL",,"Richard III"
"Second Messenger",,"Richard III"
"Third Messenger",,"Richard III"
"Fourth Messenger",,"Richard III"
"CHRISTOPHER",,"Richard III"
"Sheriff",,"Richard III"
"RICHMOND",,"Richard III"
"OXFORD",,"Richard III"
"HERBERT",,"Richard III"
"BLUNT",,"Richard III"
"SURREY",,"Richard III"
"NORFOLK",,"Richard III"
"of Prince Edward",,"Richard III"
"of King Henry VI",,"Richard III"
"Ghost of CLARENCE",,"Richard III"
"Ghost of RIVERS",,"Richard III"
"Ghost of GREY",,"Richard III"
"Ghost of VAUGHAN",,"Richard III"
"All",,"Richard III"
"Ghost of HASTINGS",,"Richard III"
"of young Princes",,"Richard III"
"Ghost of LADY ANNE","F","Richard III"
"of BUCKINGHAM",,"Richard III"
"LORDS",,"Richard III"
"KING RICHARD II",,"Richard II"
"JOHN OF GAUNT",,"Richard II"
"HENRY BOLINGBROKE",,"Richard II"
"THOMAS MOWBRAY",,"Richard II"
"DUCHESS","F","Richard II"
"Lord Marshal",,"Richard II"
"DUKE OF AUMERLE",,"Richard II"
"First Herald",,"Richard II"
"Second Herald",,"Richard II"
"GREEN",,"Richard II"
"BUSHY",,"Richard II"
"All",,"Richard II"
"DUKE OF YORK",,"Richard II"
"QUEEN","F","Richard II"
"NORTHUMBERLAND",,"Richard II"
"LORD ROSS",,"Richard II"
"LORD WILLOUGHBY",,"Richard II"
"Servant",,"Richard II"
"BAGOT",,"Richard II"
"HENRY PERCY",,"Richard II"
"LORD BERKELEY",,"Richard II"
"Captain",,"Richard II"
"EARL OF SALISBURY",,"Richard II"
"BISHOP OF CARLISLE",,"Richard II"
"SIR STEPHEN SCROOP",,"Richard II"
"Lady","F","Richard II"
"Gardener",,"Richard II"
"GARDENER",,"Richard II"
"LORD FITZWATER",,"Richard II"
"Lord",,"Richard II"
"DUKE OF SURREY",,"Richard II"
"Abbot",,"Richard II"
"DUCHESS OF YORK","F","Richard II"
"EXTON",,"Richard II"
"Groom",,"Richard II"
"Keeper",,"Richard II"
"ANTIOCHUS",,"Pericles, Prince of Tyre"
"PERICLES",,"Pericles, Prince of Tyre"
"Daughter","F","Pericles, Prince of Tyre"
"THALIARD",,"Pericles, Prince of Tyre"
"Messenger",,"Pericles, Prince of Tyre"
"First Lord",,"Pericles, Prince of Tyre"
"Second Lord",,"Pericles, Prince of Tyre"
"HELICANUS",,"Pericles, Prince of Tyre"
"CLEON",,"Pericles, Prince of Tyre"
"DIONYZA","F","Pericles, Prince of Tyre"
"Lord",,"Pericles, Prince of Tyre"
"All",,"Pericles, Prince of Tyre"
"GOWER",,"Pericles, Prince of Tyre"
"First Fisherman",,"Pericles, Prince of Tyre"
"Second Fisherman",,"Pericles, Prince of Tyre"
"Third Fisherman",,"Pericles, Prince of Tyre"
"SIMONIDES",,"Pericles, Prince of Tyre"
"THAISA","F","Pericles, Prince of Tyre"
"Third Lord",,"Pericles, Prince of Tyre"
"KNIGHTS",,"Pericles, Prince of Tyre"
"Marshal",,"Pericles, Prince of Tyre"
"First Knight",,"Pericles, Prince of Tyre"
"Knights",,"Pericles, Prince of Tyre"
"ESCANES",,"Pericles, Prince of Tyre"
"Second Knight",,"Pericles, Prince of Tyre"
"Third Knight",,"Pericles, Prince of Tyre"
"BOTH",,"Pericles, Prince of Tyre"
"LYCHORIDA","F","Pericles, Prince of Tyre"
"First Sailor",,"Pericles, Prince of Tyre"
"Second Sailor",,"Pericles, Prince of Tyre"
"CERIMON",,"Pericles, Prince of Tyre"
"PHILEMON",,"Pericles, Prince of Tyre"
"Servant",,"Pericles, Prince of Tyre"
"First Gentleman",,"Pericles, Prince of Tyre"
"Second Gentleman",,"Pericles, Prince of Tyre"
"First Servant",,"Pericles, Prince of Tyre"
"LEONINE",,"Pericles, Prince of Tyre"
"MARINA","F","Pericles, Prince of Tyre"
"First Pirate",,"Pericles, Prince of Tyre"
"Second Pirate",,"Pericles, Prince of Tyre"
"Third Pirate",,"Pericles, Prince of Tyre"
"Pandar",,"Pericles, Prince of Tyre"
"BOULT",,"Pericles, Prince of Tyre"
"Bawd",,"Pericles, Prince of Tyre"
"LYSIMACHUS",,"Pericles, Prince of Tyre"
"Tyrian Sailor",,"Pericles, Prince of Tyre"
"DIANA","F","Pericles, Prince of Tyre"
"RODERIGO",,"Othello"
"IAGO",,"Othello"
"BRABANTIO",,"Othello"
"OTHELLO",,"Othello"
"CASSIO",,"Othello"
"First Officer",,"Othello"
"DUKE OF VENICE",,"Othello"
"First Senator",,"Othello"
"Second Senator",,"Othello"
"Sailor",,"Othello"
"Messenger",,"Othello"
"DESDEMONA","F","Othello"
"MONTANO",,"Othello"
"First Gentleman",,"Othello"
"Second Gentleman",,"Othello"
"Third Gentleman",,"Othello"
"Fourth Gentleman",,"Othello"
"Second Gentlemen",,"Othello"
"EMILIA","F","Othello"
"Herald",,"Othello"
"All",,"Othello"
"Clown",,"Othello"
"First Musician",,"Othello"
"Gentleman",,"Othello"
"BIANCA","F","Othello"
"LODOVICO",,"Othello"
"GRATIANO",,"Othello"
"LEONATO",,"Much Ado About Nothing"
"Messenger",,"Much Ado About Nothing"
"BEATRICE","F","Much Ado About Nothing"
"HERO","F","Much Ado About Nothing"
"DON PEDRO",,"Much Ado About Nothing"
"BENEDICK",,"Much Ado About Nothing"
"DON JOHN",,"Much Ado About Nothing"
"CLAUDIO",,"Much Ado About Nothing"
"ANTONIO",,"Much Ado About Nothing"
"CONRADE",,"Much Ado About Nothing"
"BORACHIO",,"Much Ado About Nothing"
"BALTHASAR",,"Much Ado About Nothing"
"MARGARET","F","Much Ado About Nothing"
"URSULA","F","Much Ado About Nothing"
"Boy",,"Much Ado About Nothing"
"DOGBERRY",,"Much Ado About Nothing"
"VERGES",,"Much Ado About Nothing"
"First Watchman",,"Much Ado About Nothing"
"Second Watchman",,"Much Ado About Nothing"
"Watchman",,"Much Ado About Nothing"
"FRIAR FRANCIS",,"Much Ado About Nothing"
"Sexton",,"Much Ado About Nothing"
"Lord",,"Much Ado About Nothing"
"THESEUS",,"A Midsummer Night's Dream"
"HIPPOLYTA","F","A Midsummer Night's Dream"
"EGEUS",,"A Midsummer Night's Dream"
"HERMIA","F","A Midsummer Night's Dream"
"DEMETRIUS",,"A Midsummer Night's Dream"
"LYSANDER",,"A Midsummer Night's Dream"
"HELENA","F","A Midsummer Night's Dream"
"QUINCE",,"A Midsummer Night's Dream"
"BOTTOM",,"A Midsummer Night's Dream"
"FLUTE",,"A Midsummer Night's Dream"
"STARVELING",,"A Midsummer Night's Dream"
"SNOUT",,"A Midsummer Night's Dream"
"SNUG",,"A Midsummer Night's Dream"
"ALL",,"A Midsummer Night's Dream"
"PUCK",,"A Midsummer Night's Dream"
"Fairy",,"A Midsummer Night's Dream"
"OBERON",,"A Midsummer Night's Dream"
"TITANIA","F","A Midsummer Night's Dream"
"PEASEBLOSSOM","F","A Midsummer Night's Dream"
"COBWEB",,"A Midsummer Night's Dream"
"MOTH",,"A Midsummer Night's Dream"
"MUSTARDSEED",,"A Midsummer Night's Dream"
"HERNIA",,"A Midsummer Night's Dream"
"PHILOSTRATE",,"A Midsummer Night's Dream"
"Prologue",,"A Midsummer Night's Dream"
"Wall",,"A Midsummer Night's Dream"
"Pyramus",,"A Midsummer Night's Dream"
"Thisbe","F","A Midsummer Night's Dream"
"Lion",,"A Midsummer Night's Dream"
"Moonshine",,"A Midsummer Night's Dream"
"SHALLOW",,"The Merry Wives of Windsor"
"SLENDER",,"The Merry Wives of Windsor"
"SIR HUGH EVANS",,"The Merry Wives of Windsor"
"PAGE",,"The Merry Wives of Windsor"
"FALSTAFF",,"The Merry Wives of Windsor"
"BARDOLPH",,"The Merry Wives of Windsor"
"PISTOL",,"The Merry Wives of Windsor"
"NYM",,"The Merry Wives of Windsor"
"SIMPLE",,"The Merry Wives of Windsor"
"ANNE PAGE","F","The Merry Wives of Windsor"
"Host",,"The Merry Wives of Windsor"
"MISTRESS QUICKLY","F","The Merry Wives of Windsor"
"RUGBY",,"The Merry Wives of Windsor"
"DOCTOR CAIUS",,"The Merry Wives of Windsor"
"FENTON",,"The Merry Wives of Windsor"
"MISTRESS PAGE","F","The Merry Wives of Windsor"
"MISTRESS FORD","F","The Merry Wives of Windsor"
"FORD",,"The Merry Wives of Windsor"
"ROBIN",,"The Merry Wives of Windsor"
"All",,"The Merry Wives of Windsor"
"Servant",,"The Merry Wives of Windsor"
"WILLIAM PAGE",,"The Merry Wives of Windsor"
"First Servant",,"The Merry Wives of Windsor"
"Second Servant",,"The Merry Wives of Windsor"
"ANTONIO",,"The Merchant of Venice"
"SALARINO",,"The Merchant of Venice"
"SALANIO",,"The Merchant of Venice"
"BASSANIO",,"The Merchant of Venice"
"LORENZO",,"The Merchant of Venice"
"GRATIANO",,"The Merchant of Venice"
"PORTIA","F","The Merchant of Venice"
"NERISSA","F","The Merchant of Venice"
"Servant",,"The Merchant of Venice"
"SHYLOCK",,"The Merchant of Venice"
"MOROCCO",,"The Merchant of Venice"
"LAUNCELOT",,"The Merchant of Venice"
"GOBBO",,"The Merchant of Venice"
"LEONARDO",,"The Merchant of Venice"
"JESSICA","F","The Merchant of Venice"
"ARRAGON",,"The Merchant of Venice"
"TUBAL",,"The Merchant of Venice"
"ALL",,"The Merchant of Venice"
"SALERIO",,"The Merchant of Venice"
"BALTHASAR",,"The Merchant of Venice"
"DUKE",,"The Merchant of Venice"
"Clerk",,"The Merchant of Venice"
"STEPHANO",,"The Merchant of Venice"
"DUKE VINCENTIO",,"Measure for Measure"
"ESCALUS",,"Measure for Measure"
"ANGELO",,"Measure for Measure"
"DUKE",,"Measure for Measure"
"LUCIO",,"Measure for Measure"
"First Gentleman",,"Measure for Measure"
"Second Gentleman",,"Measure for Measure"
"MISTRESS OVERDONE","F","Measure for Measure"
"POMPEY",,"Measure for Measure"
"CLAUDIO",,"Measure for Measure"
"Provost",,"Measure for Measure"
"FRIAR THOMAS",,"Measure for Measure"
"ISABELLA","F","Measure for Measure"
"FRANCISCA","F","Measure for Measure"
"ELBOW",,"Measure for Measure"
"FROTH",,"Measure for Measure"
"POMPHEY",,"Measure for Measure"
"Justice",,"Measure for Measure"
"Servant",,"Measure for Measure"
"JULIET","F","Measure for Measure"
"MARIANA","F","Measure for Measure"
"ABHORSON",,"Measure for Measure"
"Messenger",,"Measure for Measure"
"BARNARDINE","F","Measure for Measure"
"FRIAR PETER",,"Measure for Measure"
"First Witch","F","Macbeth"
"Second Witch","F","Macbeth"
"Third Witch","F","Macbeth"
"ALL",,"Macbeth"
"DUNCAN",,"Macbeth"
"MALCOLM",,"Macbeth"
"Sergeant",,"Macbeth"
"LENNOX",,"Macbeth"
"ROSS",,"Macbeth"
"MACBETH",,"Macbeth"
"BANQUO",,"Macbeth"
"ANGUS",,"Macbeth"
"LADY MACBETH","F","Macbeth"
"Messenger",,"Macbeth"
"FLEANCE",,"Macbeth"
"Porter",,"Macbeth"
"MACDUFF",,"Macbeth"
"DONALBAIN",,"Macbeth"
"Old Man",,"Macbeth"
"ATTENDANT",,"Macbeth"
"First Murderer",,"Macbeth"
"Second Murderer",,"Macbeth"
"Both Murderers",,"Macbeth"
"Servant",,"Macbeth"
"Third Murderer",,"Macbeth"
"Lords",,"Macbeth"
"HECATE","F","Macbeth"
"Lord",,"Macbeth"
"First Apparition",,"Macbeth"
"Second Apparition",,"Macbeth"
"Third Apparition",,"Macbeth"
"LADY MACDUFF","F","Macbeth"
"Son",,"Macbeth"
"Doctor",,"Macbeth"
"Gentlewoman","F","Macbeth"
"MENTEITH",,"Macbeth"
"CAITHNESS",,"Macbeth"
"SEYTON",,"Macbeth"
"SIWARD",,"Macbeth"
"Soldiers",,"Macbeth"
"YOUNG SIWARD",,"Macbeth"
"FERDINAND",,"Love's Labours Lost"
"LONGAVILLE",,"Love's Labours Lost"
"DUMAIN",,"Love's Labours Lost"
"BIRON",,"Love's Labours Lost"
"DULL",,"Love's Labours Lost"
"COSTARD",,"Love's Labours Lost"
"ADRIANO DE ARMADO",,"Love's Labours Lost"
"MOTH",,"Love's Labours Lost"
"ARMADO",,"Love's Labours Lost"
"JAQUENETTA","F","Love's Labours Lost"
"BOYET",,"Love's Labours Lost"
"PRINCESS","F","Love's Labours Lost"
"First Lord",,"Love's Labours Lost"
"MARIA","F","Love's Labours Lost"
"KATHARINE","F","Love's Labours Lost"
"ROSALINE","F","Love's Labours Lost"
"Forester",,"Love's Labours Lost"
"SIR NATHANIEL",,"Love's Labours Lost"
"HOLOFERNES",,"Love's Labours Lost"
"MERCADE",,"Love's Labours Lost"
"KENT",,"King Lear"
"GLOUCESTER",,"King Lear"
"EDMUND",,"King Lear"
"KING LEAR",,"King Lear"
"GONERIL","F","King Lear"
"CORDELIA","F","King Lear"
"REGAN","F","King Lear"
"ALBANY",,"King Lear"
"BURGUNDY",,"King Lear"
"KING OF FRANCE",,"King Lear"
"EDGAR",,"King Lear"
"OSWALD",,"King Lear"
"Knight",,"King Lear"
"Fool",,"King Lear"
"Gentleman",,"King Lear"
"CURAN",,"King Lear"
"CORNWALL",,"King Lear"
"First Servant",,"King Lear"
"Second Servant",,"King Lear"
"Third Servant",,"King Lear"
"Old Man",,"King Lear"
"Messenger",,"King Lear"
"Doctor",,"King Lear"
"Captain",,"King Lear"
"Herald",,"King Lear"
"FLAVIUS",,"Julius Caesar"
"First Commoner",,"Julius Caesar"
"MARULLUS",,"Julius Caesar"
"Second Commoner",,"Julius Caesar"
"CAESAR",,"Julius Caesar"
"CASCA","F","Julius Caesar"
"CALPURNIA","F","Julius Caesar"
"ANTONY",,"Julius Caesar"
"Soothsayer",,"Julius Caesar"
"BRUTUS",,"Julius Caesar"
"CASSIUS",,"Julius Caesar"
"CICERO",,"Julius Caesar"
"CINNA",,"Julius Caesar"
"LUCIUS",,"Julius Caesar"
"DECIUS BRUTUS",,"Julius Caesar"
"METELLUS CIMBER",,"Julius Caesar"
"TREBONIUS",,"Julius Caesar"
"PORTIA","F","Julius Caesar"
"LIGARIUS",,"Julius Caesar"
"Servant",,"Julius Caesar"
"PUBLIUS",,"Julius Caesar"
"ARTEMIDORUS",,"Julius Caesar"
"POPILIUS",,"Julius Caesar"
"Citizens",,"Julius Caesar"
"First Citizen",,"Julius Caesar"
"Second Citizen",,"Julius Caesar"
"Third Citizen",,"Julius Caesar"
"All",,"Julius Caesar"
"Fourth Citizen",,"Julius Caesar"
"Several Citizens",,"Julius Caesar"
"CINNA THE POET",,"Julius Caesar"
"OCTAVIUS",,"Julius Caesar"
"LEPIDUS",,"Julius Caesar"
"LUCILIUS",,"Julius Caesar"
"PINDARUS",,"Julius Caesar"
"First Soldier",,"Julius Caesar"
"Second Soldier",,"Julius Caesar"
"Third Soldier",,"Julius Caesar"
"Poet",,"Julius Caesar"
"MESSALA",,"Julius Caesar"
"TITINIUS",,"Julius Caesar"
"VARRO",,"Julius Caesar"
"GHOST",,"Julius Caesar"
"CLAUDIUS",,"Julius Caesar"
"Messenger",,"Julius Caesar"
"CATO",,"Julius Caesar"
"CLITUS",,"Julius Caesar"
"DARDANIUS",,"Julius Caesar"
"VOLUMNIUS",,"Julius Caesar"
"STRATO",,"Julius Caesar"
"KING JOHN",,"King John"
"CHATILLON",,"King John"
"QUEEN ELINOR",,"King John"
"ESSEX",,"King John"
"BASTARD",,"King John"
"ROBERT",,"King John"
"LADY FAULCONBRIDGE","F","King John"
"GURNEY",,"King John"
"LEWIS",,"King John"
"ARTHUR",,"King John"
"AUSTRIA",,"King John"
"CONSTANCE",,"King John"
"KING PHILIP",,"King John"
"BLANCH",,"King John"
"First Citizen",,"King John"
"French Herald",,"King John"
"English Herald",,"King John"
"SALISBURY",,"King John"
"CARDINAL PANDULPH",,"King John"
"ELINOR","F","King John"
"HUBERT",,"King John"
"First Executioner",,"King John"
"PEMBROKE",,"King John"
"Messenger",,"King John"
"PETER",,"King John"
"BIGOT",,"King John"
"MELUN",,"King John"
"PRINCE HENRY",,"King John"
"BUCKINGHAM",,"Henry VIII"
"NORFOLK",,"Henry VIII"
"ABERGAVENNY",,"Henry VIII"
"CARDINAL WOLSEY",,"Henry VIII"
"First Secretary",,"Henry VIII"
"BRANDON",,"Henry VIII"
"Sergeant",,"Henry VIII"
"KING HENRY VIII",,"Henry VIII"
"QUEEN KATHARINE / KATHARINE","F","Henry VIII"
"Surveyor",,"Henry VIII"
"Chamberlain",,"Henry VIII"
"SANDS",,"Henry VIII"
"LOVELL",,"Henry VIII"
"GUILDFORD",,"Henry VIII"
"ANNE","F","Henry VIII"
"Servant",,"Henry VIII"
"First Gentleman",,"Henry VIII"
"Second Gentleman",,"Henry VIII"
"VAUX",,"Henry VIII"
"SUFFOLK",,"Henry VIII"
"CARDINAL CAMPEIUS",,"Henry VIII"
"GARDINER",,"Henry VIII"
"Old Lady","F","Henry VIII"
"Scribe",,"Henry VIII"
"Crier",,"Henry VIII"
"GRIFFITH",,"Henry VIII"
"LINCOLN",,"Henry VIII"
"Gentleman",,"Henry VIII"
"SURREY",,"Henry VIII"
"CROMWELL",,"Henry VIII"
"Third Gentleman",,"Henry VIII"
"Both",,"Henry VIII"
"PATIENCE","F","Henry VIII"
"Messenger",,"Henry VIII"
"CAPUCIUS",,"Henry VIII"
"Boy",,"Henry VIII"
"DENNY",,"Henry VIII"
"CRANMER",,"Henry VIII"
"Keeper",,"Henry VIII"
"DOCTOR BUTTS",,"Henry VIII"
"Chancellor",,"Henry VIII"
"All",,"Henry VIII"
"Porter",,"Henry VIII"
"Man",,"Henry VIII"
"Garter",,"Henry VIII"
"Chorus",,"Henry V"
"CANTERBURY",,"Henry V"
"ELY",,"Henry V"
"KING HENRY V",,"Henry V"
"EXETER",,"Henry V"
"WESTMORELAND",,"Henry V"
"First Ambassador",,"Henry V"
"BARDOLPH",,"Henry V"
"NYM",,"Henry V"
"PISTOL",,"Henry V"
"Hostess","F","Henry V"
"Boy",,"Henry V"
"BEDFORD",,"Henry V"
"SCROOP",,"Henry V"
"CAMBRIDGE",,"Henry V"
"GREY",,"Henry V"
"KING OF FRANCE",,"Henry V"
"DAUPHIN",,"Henry V"
"Constable",,"Henry V"
"Messenger",,"Henry V"
"FLUELLEN",,"Henry V"
"GOWER",,"Henry V"
"JAMY",,"Henry V"
"MACMORRIS",,"Henry V"
"GOVERNOR",,"Henry V"
"KATHARINE","F","Henry V"
"ALICE","F","Henry V"
"BOURBON",,"Henry V"
"MONTJOY",,"Henry V"
"GLOUCESTER",,"Henry V"
"ORLEANS",,"Henry V"
"RAMBURES",,"Henry V"
"ERPINGHAM",,"Henry V"
"COURT",,"Henry V"
"BATES",,"Henry V"
"WILLIAMS",,"Henry V"
"GRANDPRE",,"Henry V"
"SALISBURY",,"Henry V"
"YORK",,"Henry V"
"French Soldier",,"Henry V"
"WARWICK",,"Henry V"
"Herald",,"Henry V"
"QUEEN ISABEL","F","Henry V"
"BURGUNDY",,"Henry V"
"FRENCH KING",,"Henry V"
"ALL",,"Henry V"
"BERNARDO",,"Hamlet"
"FRANCISCO",,"Hamlet"
"HORATIO",,"Hamlet"
"MARCELLUS",,"Hamlet"
"KING CLAUDIUS",,"Hamlet"
"CORNELIUS",,"Hamlet"
"LAERTES",,"Hamlet"
"LORD POLONIUS",,"Hamlet"
"HAMLET",,"Hamlet"
"QUEEN GERTRUDE","F","Hamlet"
"All",,"Hamlet"
"OPHELIA","F","Hamlet"
"Ghost",,"Hamlet"
"REYNALDO",,"Hamlet"
"ROSENCRANTZ",,"Hamlet"
"GUILDENSTERN",,"Hamlet"
"VOLTIMAND",,"Hamlet"
"First Player",,"Hamlet"
"Prologue",,"Hamlet"
"Player King",,"Hamlet"
"Player Queen","F","Hamlet"
"LUCIANUS",,"Hamlet"
"PRINCE FORTINBRAS",,"Hamlet"
"Captain",,"Hamlet"
"Gentleman",,"Hamlet"
"Danes",,"Hamlet"
"Servant",,"Hamlet"
"First Sailor",,"Hamlet"
"Messenger",,"Hamlet"
"First Clown",,"Hamlet"
"Second Clown",,"Hamlet"
"First Priest",,"Hamlet"
"OSRIC",,"Hamlet"
"Lord",,"Hamlet"
"First Ambassador",,"Hamlet"
"First Gentleman",,"Cymbeline"
"Second Gentleman",,"Cymbeline"
"QUEEN","F","Cymbeline"
"POSTHUMUS LEONATUS",,"Cymbeline"
"IMOGEN","F","Cymbeline"
"CYMBELINE",,"Cymbeline"
"PISANIO",,"Cymbeline"
"First Lord",,"Cymbeline"
"CLOTEN",,"Cymbeline"
"Second Lord",,"Cymbeline"
"Lady",,"Cymbeline"
"IACHIMO",,"Cymbeline"
"PHILARIO",,"Cymbeline"
"Frenchman",,"Cymbeline"
"First Lady","F","Cymbeline"
"CORNELIUS",,"Cymbeline"
"Scene III",,"Cymbeline"
"Messenger",,"Cymbeline"
"CAIUS LUCIUS",,"Cymbeline"
"BELARIUS",,"Cymbeline"
"GUIDERIUS",,"Cymbeline"
"ARVIRAGUS",,"Cymbeline"
"Attendant",,"Cymbeline"
"First Senator",,"Cymbeline"
"First Tribune",,"Cymbeline"
"Second Senator",,"Cymbeline"
"Captain",,"Cymbeline"
"Soothsayer",,"Cymbeline"
"Lord",,"Cymbeline"
"First Captain",,"Cymbeline"
"Second Captain",,"Cymbeline"
"First Gaoler",,"Cymbeline"
"Second Gaoler",,"Cymbeline"
"Sicilius Leonatus",,"Cymbeline"
"Mother","F","Cymbeline"
"First Brother",,"Cymbeline"
"Second Brother",,"Cymbeline"
"Jupiter",,"Cymbeline"
"All",,"Cymbeline"
"Posthumus Leonatus",,"Cymbeline"
"First Citizen",,"Coriolanus"
"All",,"Coriolanus"
"Second Citizen",,"Coriolanus"
"MENENIUS",,"Coriolanus"
"MARCIUS",,"Coriolanus"
"Messenger",,"Coriolanus"
"First Senator",,"Coriolanus"
"COMINIUS",,"Coriolanus"
"TITUS",,"Coriolanus"
"SICINIUS",,"Coriolanus"
"BRUTUS",,"Coriolanus"
"AUFIDIUS",,"Coriolanus"
"Second Senator",,"Coriolanus"
"VOLUMNIA","F","Coriolanus"
"VIRGILIA","F","Coriolanus"
"Gentlewoman","F","Coriolanus"
"VALERIA","F","Coriolanus"
"LARTIUS",,"Coriolanus"
"First Soldier",,"Coriolanus"
"Second Soldier",,"Coriolanus"
"First Roman",,"Coriolanus"
"Second Roman",,"Coriolanus"
"Third Roman",,"Coriolanus"
"Lieutenant",,"Coriolanus"
"CORIOLANUS",,"Coriolanus"
"Both",,"Coriolanus"
"Herald",,"Coriolanus"
"First Officer",,"Coriolanus"
"Second Officer",,"Coriolanus"
"Officer",,"Coriolanus"
"Senators",,"Coriolanus"
"Third Citizen",,"Coriolanus"
"Fourth Citizen",,"Coriolanus"
"Fifth Citizen",,"Coriolanus"
"Both Citizens",,"Coriolanus"
"Sixth Citizen",,"Coriolanus"
"Seventh Citizen",,"Coriolanus"
"All Citizens",,"Coriolanus"
"Citizens",,"Coriolanus"
"AEdile",,"Coriolanus"
"A Patrician",,"Coriolanus"
"Second Patrician",,"Coriolanus"
"Both Tribunes",,"Coriolanus"
"Roman",,"Coriolanus"
"Volsce",,"Coriolanus"
"Citizen",,"Coriolanus"
"First Servingman",,"Coriolanus"
"Second Servingman",,"Coriolanus"
"Third Servingman",,"Coriolanus"
"Second Messenger",,"Coriolanus"
"Young MARCIUS",,"Coriolanus"
"First Conspirator",,"Coriolanus"
"Second Conspirator",,"Coriolanus"
"Third Conspirator",,"Coriolanus"
"All The Lords",,"Coriolanus"
"Lords",,"Coriolanus"
"First Lord",,"Coriolanus"
"All Conspirators",,"Coriolanus"
"All The People",,"Coriolanus"
"Second Lord",,"Coriolanus"
"Third Lord",,"Coriolanus"
"AEGEON",,"The Comedy of Errors"
"DUKE SOLINUS",,"The Comedy of Errors"
"Gaoler",,"The Comedy of Errors"
"First Merchant",,"The Comedy of Errors"
"OF SYRACUSE",,"The Comedy of Errors"
"DROMIO OF SYRACUSE",,"The Comedy of Errors"
"DROMIO OF EPHESUS",,"The Comedy of Errors"
"ADRIANA","F","The Comedy of Errors"
"LUCIANA","F","The Comedy of Errors"
"OF EPHESUS",,"The Comedy of Errors"
"BALTHAZAR",,"The Comedy of Errors"
"LUCE",,"The Comedy of Errors"
"ANTIPHOLUS",,"The Comedy of Errors"
"ANGELO",,"The Comedy of Errors"
"Second Merchant",,"The Comedy of Errors"
"Officer",,"The Comedy of Errors"
"Courtezan",,"The Comedy of Errors"
"PINCH",,"The Comedy of Errors"
"AEMELIA","F","The Comedy of Errors"
"Servant",,"The Comedy of Errors"
"PHILO",,"Antony and Cleopatra"
"CLEOPATRA","F","Antony and Cleopatra"
"MARK ANTONY",,"Antony and Cleopatra"
"Attendant",,"Antony and Cleopatra"
"DEMETRIUS",,"Antony and Cleopatra"
"CHARMIAN",,"Antony and Cleopatra"
"ALEXAS",,"Antony and Cleopatra"
"Soothsayer",,"Antony and Cleopatra"
"DOMITIUS ENOBARBUS",,"Antony and Cleopatra"
"IRAS",,"Antony and Cleopatra"
"Messenger",,"Antony and Cleopatra"
"First Attendant",,"Antony and Cleopatra"
"Second Attendant",,"Antony and Cleopatra"
"Second Messenger",,"Antony and Cleopatra"
"OCTAVIUS CAESAR",,"Antony and Cleopatra"
"LEPIDUS",,"Antony and Cleopatra"
"MARDIAN",,"Antony and Cleopatra"
"POMPEY",,"Antony and Cleopatra"
"MENECRATES",,"Antony and Cleopatra"
"MENAS",,"Antony and Cleopatra"
"VARRIUS",,"Antony and Cleopatra"
"MECAENAS",,"Antony and Cleopatra"
"AGRIPPA",,"Antony and Cleopatra"
"OCTAVIA","F","Antony and Cleopatra"
"Attendants",,"Antony and Cleopatra"
"First Servant",,"Antony and Cleopatra"
"Second Servant",,"Antony and Cleopatra"
"VENTIDIUS",,"Antony and Cleopatra"
"SILIUS",,"Antony and Cleopatra"
"EROS",,"Antony and Cleopatra"
"CANIDIUS",,"Antony and Cleopatra"
"Soldier",,"Antony and Cleopatra"
"TAURUS",,"Antony and Cleopatra"
"SCARUS",,"Antony and Cleopatra"
"All",,"Antony and Cleopatra"
"DOLABELLA","F","Antony and Cleopatra"
"EUPHRONIUS",,"Antony and Cleopatra"
"THYREUS",,"Antony and Cleopatra"
"First Soldier",,"Antony and Cleopatra"
"Second Soldier",,"Antony and Cleopatra"
"Third Soldier",,"Antony and Cleopatra"
"Fourth Soldier",,"Antony and Cleopatra"
"Captain",,"Antony and Cleopatra"
"First Guard",,"Antony and Cleopatra"
"Second Guard",,"Antony and Cleopatra"
"Third Guard",,"Antony and Cleopatra"
"DERCETAS",,"Antony and Cleopatra"
"DIOMEDES",,"Antony and Cleopatra"
"Egyptian",,"Antony and Cleopatra"
"PROCULEIUS",,"Antony and Cleopatra"
"GALLUS",,"Antony and Cleopatra"
"SELEUCUS",,"Antony and Cleopatra"
"Guard",,"Antony and Cleopatra"
"Clown",,"Antony and Cleopatra"
"ORLANDO",,"As You Like It"
"ADAM",,"As You Like It"
"OLIVER",,"As You Like It"
"DENNIS",,"As You Like It"
"CHARLES",,"As You Like It"
"CELIA","F","As You Like It"
"ROSALIND","F","As You Like It"
"TOUCHSTONE",,"As You Like It"
"LE BEAU",,"As You Like It"
"DUKE FREDERICK",,"As You Like It"
"DUKE SENIOR",,"As You Like It"
"AMIENS",,"As You Like It"
"First Lord",,"As You Like It"
"Second Lord",,"As You Like It"
"CORIN",,"As You Like It"
"SILVIUS",,"As You Like It"
"JAQUES",,"As You Like It"
"AUDREY","F","As You Like It"
"SIR OLIVER MARTEXT",,"As You Like It"
"PHEBE",,"As You Like It"
"A Lord",,"As You Like It"
"Forester",,"As You Like It"
"WILLIAM",,"As You Like It"
"First Page",,"As You Like It"
"Second Page",,"As You Like It"
"HYMEN","F","As You Like It"
"JAQUES DE BOYS",,"As You Like It"
"COUNTESS","F","All's Well That Ends Well"
"BERTRAM",,"All's Well That Ends Well"
"LAFEU",,"All's Well That Ends Well"
"HELENA","F","All's Well That Ends Well"
"PAROLLES",,"All's Well That Ends Well"
"Page",,"All's Well That Ends Well"
"KING",,"All's Well That Ends Well"
"First Lord",,"All's Well That Ends Well"
"Second Lord",,"All's Well That Ends Well"
"Steward",,"All's Well That Ends Well"
"Clown",,"All's Well That Ends Well"
"Both",,"All's Well That Ends Well"
"All",,"All's Well That Ends Well"
"Fourth Lord",,"All's Well That Ends Well"
"DUKE",,"All's Well That Ends Well"
"First Gentleman",,"All's Well That Ends Well"
"Second Gentleman",,"All's Well That Ends Well"
"Widow","F","All's Well That Ends Well"
"DIANA","F","All's Well That Ends Well"
"MARIANA","F","All's Well That Ends Well"
"BOTH",,"All's Well That Ends Well"
"First Soldier",,"All's Well That Ends Well"
"Second Soldier",,"All's Well That Ends Well"
"Servant",,"All's Well That Ends Well"
"Gentleman",,"All's Well That Ends Well"
"WARWICK",,"Henry VI, part 3"
"YORK",,"Henry VI, part 3"
"EDWARD",,"Henry VI, part 3"
"MONTAGUE",,"Henry VI, part 3"
"RICHARD",,"Henry VI, part 3"
"NORFOLK",,"Henry VI, part 3"
"KING HENRY VI",,"Henry VI, part 3"
"NORTHUMBERLAND",,"Henry VI, part 3"
"CLIFFORD",,"Henry VI, part 3"
"WESTMORELAND",,"Henry VI, part 3"
"EXETER",,"Henry VI, part 3"
"QUEEN MARGARET","F","Henry VI, part 3"
"PRINCE EDWARD",,"Henry VI, part 3"
"Messenger",,"Henry VI, part 3"
"JOHN MORTIMER",,"Henry VI, part 3"
"RUTLAND",,"Henry VI, part 3"
"Tutor",,"Henry VI, part 3"
"PRINCE",,"Henry VI, part 3"
"GEORGE",,"Henry VI, part 3"
"Son",,"Henry VI, part 3"
"Father",,"Henry VI, part 3"
"First Keeper",,"Henry VI, part 3"
"Second Keeper",,"Henry VI, part 3"
"KING EDWARD IV",,"Henry VI, part 3"
"GLOUCESTER",,"Henry VI, part 3"
"CLARENCE",,"Henry VI, part 3"
"LADY GREY","F","Henry VI, part 3"
"Nobleman",,"Henry VI, part 3"
"KING LEWIS XI",,"Henry VI, part 3"
"OXFORD",,"Henry VI, part 3"
"BONA","F","Henry VI, part 3"
"Post",,"Henry VI, part 3"
"SOMERSET",,"Henry VI, part 3"
"HASTINGS",,"Henry VI, part 3"
"QUEEN ELIZABETH","F","Henry VI, part 3"
"First Watchman",,"Henry VI, part 3"
"Second Watchman",,"Henry VI, part 3"
"Third Watchman",,"Henry VI, part 3"
"RIVERS",,"Henry VI, part 3"
"Huntsman",,"Henry VI, part 3"
"Lieutenant",,"Henry VI, part 3"
"Mayor",,"Henry VI, part 3"
"Soldier",,"Henry VI, part 3"
"All",,"Henry VI, part 3"
"First Messenger",,"Henry VI, part 3"
"Second Messenger",,"Henry VI, part 3"
"SUFFOLK",,"Henry VI, part 2"
"KING HENRY VI",,"Henry VI, part 2"
"QUEEN MARGARET","F","Henry VI, part 2"
"ALL",,"Henry VI, part 2"
"GLOUCESTER",,"Henry VI, part 2"
"CARDINAL",,"Henry VI, part 2"
"SALISBURY",,"Henry VI, part 2"
"WARWICK",,"Henry VI, part 2"
"YORK",,"Henry VI, part 2"
"BUCKINGHAM",,"Henry VI, part 2"
"SOMERSET",,"Henry VI, part 2"
"DUCHESS","F","Henry VI, part 2"
"Messenger",,"Henry VI, part 2"
"HUME",,"Henry VI, part 2"
"First Petitioner",,"Henry VI, part 2"
"Second Petitioner",,"Henry VI, part 2"
"PETER",,"Henry VI, part 2"
"HORNER",,"Henry VI, part 2"
"BOLINGBROKE",,"Henry VI, part 2"
"Spirit",,"Henry VI, part 2"
"MARGARET JOURDAIN","F","Henry VI, part 2"
"Townsman",,"Henry VI, part 2"
"SIMPCOX",,"Henry VI, part 2"
"Wife","F","Henry VI, part 2"
"Mayor",,"Henry VI, part 2"
"Beadle",,"Henry VI, part 2"
"BOTH",,"Henry VI, part 2"
"First Neighbour",,"Henry VI, part 2"
"Second Neighbour",,"Henry VI, part 2"
"Third Neighbour",,"Henry VI, part 2"
"Servants",,"Henry VI, part 2"
"Servant",,"Henry VI, part 2"
"Herald",,"Henry VI, part 2"
"Sheriff",,"Henry VI, part 2"
"STANLEY",,"Henry VI, part 2"
"Post",,"Henry VI, part 2"
"First Murderer",,"Henry VI, part 2"
"Second Murderer",,"Henry VI, part 2"
"First Murder",,"Henry VI, part 2"
"Commons",,"Henry VI, part 2"
"VAUX",,"Henry VI, part 2"
"Captain",,"Henry VI, part 2"
"First Gentleman",,"Henry VI, part 2"
"Master",,"Henry VI, part 2"
"Second Gentleman",,"Henry VI, part 2"
"WHITMORE",,"Henry VI, part 2"
"BEVIS",,"Henry VI, part 2"
"HOLLAND",,"Henry VI, part 2"
"CADE",,"Henry VI, part 2"
"DICK",,"Henry VI, part 2"
"SMITH",,"Henry VI, part 2"
"Clerk",,"Henry VI, part 2"
"CLERK",,"Henry VI, part 2"
"MICHAEL",,"Henry VI, part 2"
"SIR HUMPHREY",,"Henry VI, part 2"
"WILLIAM STAFFORD",,"Henry VI, part 2"
"SAY",,"Henry VI, part 2"
"SCALES",,"Henry VI, part 2"
"First Citizen",,"Henry VI, part 2"
"Soldier",,"Henry VI, part 2"
"CLIFFORD",,"Henry VI, part 2"
"IDEN",,"Henry VI, part 2"
"EDWARD",,"Henry VI, part 2"
"RICHARD",,"Henry VI, part 2"
"YOUNG CLIFFORD",,"Henry VI, part 2"
"RUMOUR",,"Henry IV, part 2"
"LORD BARDOLPH",,"Henry IV, part 2"
"Porter",,"Henry IV, part 2"
"NORTHUMBERLAND",,"Henry IV, part 2"
"TRAVERS",,"Henry IV, part 2"
"MORTON",,"Henry IV, part 2"
"FALSTAFF",,"Henry IV, part 2"
"Page",,"Henry IV, part 2"
"Servant",,"Henry IV, part 2"
"ARCHBISHOP OF YORK",,"Henry IV, part 2"
"MOWBRAY",,"Henry IV, part 2"
"HASTINGS",,"Henry IV, part 2"
"MISTRESS QUICKLY","F","Henry IV, part 2"
"FANG",,"Henry IV, part 2"
"SNARE",,"Henry IV, part 2"
"GOWER",,"Henry IV, part 2"
"PRINCE HENRY",,"Henry IV, part 2"
"POINS",,"Henry IV, part 2"
"BARDOLPH",,"Henry IV, part 2"
"LADY PERCY","F","Henry IV, part 2"
"First Drawer",,"Henry IV, part 2"
"Second Drawer",,"Henry IV, part 2"
"DOLL TEARSHEET","F?","Henry IV, part 2"
"PISTOL",,"Henry IV, part 2"
"PETO",,"Henry IV, part 2"
"KING HENRY IV",,"Henry IV, part 2"
"WARWICK",,"Henry IV, part 2"
"SHALLOW",,"Henry IV, part 2"
"SILENCE",,"Henry IV, part 2"
"SHADOW",,"Henry IV, part 2"
"MOULDY",,"Henry IV, part 2"
"WART",,"Henry IV, part 2"
"FEEBLE",,"Henry IV, part 2"
"BULLCALF",,"Henry IV, part 2"
"Messenger",,"Henry IV, part 2"
"WESTMORELAND",,"Henry IV, part 2"
"LANCASTER",,"Henry IV, part 2"
"COLEVILE",,"Henry IV, part 2"
"GLOUCESTER",,"Henry IV, part 2"
"CLARENCE",,"Henry IV, part 2"
"HARCOURT",,"Henry IV, part 2"
"DAVY",,"Henry IV, part 2"
"KING HENRY V",,"Henry IV, part 2"
"Princes",,"Henry IV, part 2"
"First Beadle",,"Henry IV, part 2"
"First Groom",,"Henry IV, part 2"
"Second Groom",,"Henry IV, part 2"
"BEDFORD",,"Henry VI, part 1"
"GLOUCESTER",,"Henry VI, part 1"
"EXETER",,"Henry VI, part 1"
"OF WINCHESTER",,"Henry VI, part 1"
"Messenger",,"Henry VI, part 1"
"CHARLES",,"Henry VI, part 1"
"ALENCON",,"Henry VI, part 1"
"REIGNIER",,"Henry VI, part 1"
"BASTARD OF ORLEANS",,"Henry VI, part 1"
"JOAN LA PUCELLE","F","Henry VI, part 1"
"First Warder",,"Henry VI, part 1"
"Second Warder",,"Henry VI, part 1"
"WOODVILE",,"Henry VI, part 1"
"Mayor",,"Henry VI, part 1"
"Officer",,"Henry VI, part 1"
"Boy",,"Henry VI, part 1"
"SALISBURY",,"Henry VI, part 1"
"TALBOT",,"Henry VI, part 1"
"GARGRAVE",,"Henry VI, part 1"
"GLANSDALE",,"Henry VI, part 1"
"Sergeant",,"Henry VI, part 1"
"First Sentinel",,"Henry VI, part 1"
"BURGUNDY",,"Henry VI, part 1"
"Sentinels",,"Henry VI, part 1"
"Soldier",,"Henry VI, part 1"
"Captain",,"Henry VI, part 1"
"OF AUVERGNE",,"Henry VI, part 1"
"Porter",,"Henry VI, part 1"
"PLANTAGENET",,"Henry VI, part 1"
"SUFFOLK",,"Henry VI, part 1"
"SOMERSET",,"Henry VI, part 1"
"WARWICK",,"Henry VI, part 1"
"VERNON",,"Henry VI, part 1"
"Lawyer",,"Henry VI, part 1"
"MORTIMER",,"Henry VI, part 1"
"First Gaoler",,"Henry VI, part 1"
"KING HENRY VI",,"Henry VI, part 1"
"ALL",,"Henry VI, part 1"
"First Soldier",,"Henry VI, part 1"
"Watch",,"Henry VI, part 1"
"FASTOLFE",,"Henry VI, part 1"
"BASSET",,"Henry VI, part 1"
"YORK",,"Henry VI, part 1"
"General",,"Henry VI, part 1"
"LUCY","F","Henry VI, part 1"
"JOHN TALBOT",,"Henry VI, part 1"
"Servant",,"Henry VI, part 1"
"Legate",,"Henry VI, part 1"
"Scout",,"Henry VI, part 1"
"MARGARET","F","Henry VI, part 1"
"Shepherd",,"Henry VI, part 1"
"KING HENRY IV",,"Henry IV, part 1"
"WESTMORELAND",,"Henry IV, part 1"
"FALSTAFF",,"Henry IV, part 1"
"PRINCE HENRY",,"Henry IV, part 1"
"POINS",,"Henry IV, part 1"
"EARL OF WORCESTER",,"Henry IV, part 1"
"NORTHUMBERLAND",,"Henry IV, part 1"
"HOTSPUR",,"Henry IV, part 1"
"SIR WALTER BLUNT",,"Henry IV, part 1"
"First Carrier",,"Henry IV, part 1"
"Ostler",,"Henry IV, part 1"
"Second Carrier",,"Henry IV, part 1"
"GADSHILL",,"Henry IV, part 1"
"Chamberlain",,"Henry IV, part 1"
"BARDOLPH",,"Henry IV, part 1"
"PETO",,"Henry IV, part 1"
"First Traveller",,"Henry IV, part 1"
"Thieves",,"Henry IV, part 1"
"Travellers",,"Henry IV, part 1"
"LADY PERCY","F","Henry IV, part 1"
"Servant",,"Henry IV, part 1"
"FRANCIS",,"Henry IV, part 1"
"Vintner",,"Henry IV, part 1"
"Hostess","F","Henry IV, part 1"
"Sheriff",,"Henry IV, part 1"
"Carrier",,"Henry IV, part 1"
"MORTIMER",,"Henry IV, part 1"
"GLENDOWER",,"Henry IV, part 1"
"EARL OF DOUGLAS",,"Henry IV, part 1"
"Messenger",,"Henry IV, part 1"
"VERNON",,"Henry IV, part 1"
"WORCESTER",,"Henry IV, part 1"
"ARCHBISHOP OF YORK",,"Henry IV, part 1"
"SIR MICHAEL",,"Henry IV, part 1"
"LANCASTER",,"Henry IV, part 1"
